{
    "trains": [
    {
      "train_name": "Rajdhani Express",
      "train_number": "12309",
      "departure_station": "New Delhi",
      "departure_time": "19:00",
      "arrival_station": "Mumbai Central",
      "arrival_time": "08:00",
      "duration": "13 hours",
      "fare": {
        "1A": "INR 3500",
        "2A": "INR 2200",
        "3A": "INR 1500",
        "SL": "INR 800"
      },
      "available_classes": ["1A", "2A", "3A", "SL"],
      "availability": {
        "1A": "Available",
        "2A": "Available",
        "3A": "Sold Out",
        "SL": "Available"
      }
    },
    {
      "train_name": "Shatabdi Express",
      "train_number": "12002",
      "departure_station": "Chennai Central",
      "departure_time": "06:00",
      "arrival_station": "Bangalore City",
      "arrival_time": "10:30",
      "duration": "4 hours 30 minutes",
      "fare": {
        "CC": "INR 1200",
        "EC": "INR 800"
      },
      "available_classes": ["CC", "EC"],
      "availability": {
        "CC": "Sold Out",
        "EC": "Available"
      }
    },
    {
      "train_name": "Duronto Express",
      "train_number": "12213",
      "departure_station": "Howrah Junction",
      "departure_time": "16:30",
      "arrival_station": "Mumbai CST",
      "arrival_time": "10:00",
      "duration": "17 hours 30 minutes",
      "fare": {
        "1A": "INR 3200",
        "2A": "INR 2000",
        "3A": "INR 1400",
        "SL": "INR 700"
      },
      "available_classes": ["1A", "2A", "3A", "SL"],
      "availability": {
        "1A": "Available",
        "2A": "Available",
        "3A": "Available",
        "SL": "Available"
      }
    },
    {
      "train_name": "Gatimaan Express",
      "train_number": "12050",
      "departure_station": "New Delhi",
      "departure_time": "08:10",
      "arrival_station": "Agra Cantt",
      "arrival_time": "09:50",
      "duration": "1 hour 40 minutes",
      "fare": {
        "CC": "INR 750",
        "EC": "INR 450"
      },
      "available_classes": ["CC", "EC"],
      "availability": {
        "CC": "Available",
        "EC": "Available"
      }
    },
    {
      "train_name": "Tejas Express",
      "train_number": "22625",
      "departure_station": "Chennai Egmore",
      "departure_time": "06:00",
      "arrival_station": "Madurai Junction",
      "arrival_time": "11:00",
      "duration": "5 hours",
      "fare": {
        "CC": "INR 800",
        "EC": "INR 500"
      },
      "available_classes": ["CC", "EC"],
      "availability": {
        "CC": "Sold Out",
        "EC": "Available"
      }
    },
    {
      "train_name": "Garib Rath Express",
      "train_number": "12203",
      "departure_station": "Mumbai Central",
      "departure_time": "11:00",
      "arrival_station": "Ahmedabad Junction",
      "arrival_time": "19:00",
      "duration": "8 hours",
      "fare": {
        "3A": "INR 800"
      },
      "available_classes": ["3A"],
      "availability": {
        "3A": "Available"
      }
    },
    {
      "train_name": "Double Decker Express",
      "train_number": "22186",
      "departure_station": "Mumbai Central",
      "departure_time": "14:00",
      "arrival_station": "Ahmedabad Junction",
      "arrival_time": "21:30",
      "duration": "7 hours 30 minutes",
      "fare": {
        "CC": "INR 900"
      },
      "available_classes": ["CC"],
      "availability": {
        "CC": "Sold Out"
      }
    },
    {
      "train_name": "Vande Bharat Express",
      "train_number": "22439",
      "departure_station": "New Delhi",
      "departure_time": "06:00",
      "arrival_station": "Varanasi Junction",
      "arrival_time": "14:00",
      "duration": "8 hours",
      "fare": {
        "CC": "INR 1000",
        "EC": "INR 600"
      },
      "available_classes": ["CC", "EC"],
      "availability": {
        "CC": "Available",
        "EC": "Available"
      }
    },
    {
      "train_name": "Jan Shatabdi Express",
      "train_number": "12078",
      "departure_station": "Bhubaneswar",
      "departure_time": "06:00",
      "arrival_station": "Visakhapatnam",
      "arrival_time": "11:30",
      "duration": "5 hours 30 minutes",
      "fare": {
        "CC": "INR 600",
        "2S": "INR 150"
      },
      "available_classes": ["CC", "2S"],
      "availability": {
        "CC": "Available",
        "2S": "Available"
      }
    },
    {
      "train_name": "Rajdhani Express",
      "train_number": "12433",
      "departure_station": "Chennai Central",
      "departure_time": "06:30",
      "arrival_station": "New Delhi",
      "arrival_time": "10:00",
      "duration": "15 hours 30 minutes",
      "fare": {
        "1A": "INR 3800",
        "2A": "INR 2400",
        "3A": "INR 1600",
        "SL": "INR 900"
      },
      "available_classes": ["1A", "2A", "3A", "SL"],
      "availability": {
        "1A": "Available",
        "2A": "Available",
        "3A": "Available",
        "SL": "Available"
      }
    }
  ]
}
